Step,Value
20480,-359.0
40960,-17.200000762939453
60416,-90.4000015258789
80896,-100.0
100352,-25.200000762939453
120832,-47.400001525878906
140288,-77.0
160768,-20.0
180224,-60.0
200704,-20.0
220160,-60.0
240640,-40.0
260096,-62.400001525878906
280576,-20.0
300032,-55.0
